id;address;email;password;name
1;Alaska;"z@w.CUsv";synergy transform;asymmetric Incredible empower
2;blue;"FS9@dYhu_.HQ";Loan Supervisor Ports;Sausages model Designer
3;New;"wFXnyu@9WN.UT";Paradigm Security Avon;intermediate eyeballs
4;Generic;"NKIqqZ@wE8FT.ZPbGr";withdrawal matrix;Keyboard Ergonomic Tasty
5;Compatible Administrator channels;"Ypm2i@ip2.cY";Wooden;Tennessee
6;Steel;"BH@ea.Vl";Tactics Bahamas;Gloves International hacking
7;Tasty;"Hr5Cc@4yw.VrLK";Roads Associate;Cambridgeshire Wooden
8;syndicate;"L_ZEB@A.TRv";Buckinghamshire;programming
9;Cliff Keyboard calculate;"BX@eoh.YXK";dedicated;Mississippi extend
10;Intuitive;"O.vvSw@QHHCFf.hU";Portugal;Fresh system
